Workbook

Sheet definitions
B1: Element | C1: Descriptor | D1: Guide on what it means in this context
A2: 5 | B2: 22 | C2: Ability to act with poise, in a calm and objective manner | D2: Composure, level headedness, calmness in the face of aversity, remaining constructive and objective
A3: 1 | B3: 33 | C3: Ability to admit mistakes and learn from failure | D3: to understand that failure and mistakes are opportunities for learning, feedback and even creativity. Learning from consequential events or circumstances, having a growth mindset
A4: 19 | B4: 10 | C4: Ability to anticipate and evaluate human reactions | D4: predict that an event will lead to a future state—emotional, mental, physiological and phsycal and then assess and judge the possible reactions of others.
A5: 28 | B5: 13 | C5: Ability to communicate | D5: The capacity to covey messages to others through speaking, writing, reading, listening, reflection using verbal and non-verbal elements to achive the goals of communicating
A6: 14 | B6: 11 | C6: Ability to gain trust and respect | D6: he capacity to be dependable, honest, and accountable, and to demonstrate integrity and expertise. Accountability, honesty, consistency, supportive, open communication, transparancy and reliability.
A7: 13 | B7: 2 | C7: Ability to learn quickly and easily | D7: A quick learner is someone who can understand and process information in a relatively short space of time
A8: 24 | B8: 14 | C8: Ability to listen | D8: the process of receiving, constructing meaning from and responding to spoken and/or nonverbal messages and confirming common understanding
A9: 2 | B9: 3 | C9: Ability to observe, gather, select, and evaluate facts | D9: using all of the senses, as appropriate, to find out about the characteristics, properties and attributes of objects, places and events, critically evaulate, apply reasoning and critical thinking to diverse situations and circumstances
A10: 23 | B10: 17 | C10: Ability to persuade and motivate | D10: the ability to influence other people's thoughts and opinions using convincing arguments and facts; and to encourage and inspireothers to boost productivity and improve work quality
A11: 16 | B11: 32 | C11: Ability to recognize the limitations of one's competence | D11: Knowing where your knowledge, skills and abilities are limited and how they apply to doing or achiving something successfully or efficently
A12: 17 | B12: 16 | C12: Ability to share knowledge, teach, and train people | D12: foster learning in others sharing knowledge and expertise, guiding and nurturing others in their learning
A13: 36 | B13: 6 | C13: Ability to synthesize and generalize | D13: bringing information together from a variety of sources and forming new ideas about the topics and using prior knowledge, skill and understanding to infer possible outcomes.
... A28: 25 | B28: 5 | C28: Inductive and deductive reasoning | D28: Applying reasoning either specific to general or general to specific and abductive, knowing when and where to apply which type of reasoning and when others apply reasoning
B29: 1 | C29: Intellectual ability | D29: a general mental ability for reasoning, planning, solving problems, think abstractly, comprehending complex ideas, and learning
A30: 4 | B30: 18 | C30: Intellectual and emotional maturity | D30: Intellectual maturity is the ability to use logic and reason to learn and solve problems. Emotional maturity is the ability to understand and manage emotions, especially in stressful or conflicting situations
A31: 37 | B31: 24 | C31: Personal drive and initiative | D31: The ability to do what needs to be done without being prompted by others or the willingness to take a fresh approach
A32: 32 | B32: 9 | C32: Respect and tolerance for other people | D32: treating them with dignity and valuing their unique qualities and accepting that people can have different beliefs, ideas, and values.
A33: 29 | B33: 25 | C33: Right degree of self-confidence | D33: a realistic sense of your abilities and a positive belief in yourself. Feeling of trust in yourself that allows you to take on challenges and succeed. knowing strengths and weakness well, and have a positive view of yourself. You set realistic expectations and goals, communicate assertively, and can handle criticism well.
A34: 39 | B34: 19 | C34: Stability of behaviour and action | D34: consistency of behaviour (attitude) and action (deed or doing something). Somewhat reliable
A35: 10 | C35: Economic reasoning (micro/ macro fundamentals)
A36: 15 | C36: Data handling (cleaning, structuring datasets)
A37: 18 | C37: Policy analysis & trade-off thinking
A38: 21 | C38: Data visualisation & dashboards
A39: 27 | C39: Econometrics & causal inference
A40: 31 | C40: Forecasting / scenario analysis
A41: 34 | C41: Tools (Excel + R/Python/Stata/AI tools)

Sheet initial assessment
C2: 0 | D2: 1 | E2: 2 | F2: 3 | G2: 4
B3: Category | C3: I don't know what this is | D3: I am aware of this | E3: I am developing this | F3: I am competent in this | G3: I am strong in this
B4: Economics Thinking Capability | I4: =IF(ISNA(MATCH("x",$C4:$G4,0)),0,MATCH("x",$C4:$G4,0)) -> 0 | J4: =IF(I4=0,0,I4-1) -> 0
B5: Economic Skills | I5: =IF(ISNA(MATCH("x",$C5:$G5,0)),0,MATCH("x",$C5:$G5,0)) -> 0 | J5: =IF(I5=0,0,I5-1) -> 0
B6: Research & Delivery Skills | I6: =IF(ISNA(MATCH("x",$C6:$G6,0)),0,MATCH("x",$C6:$G6,0)) -> 0 | J6: =IF(I6=0,0,I6-1) -> 0
B7: Stakeholder & Customer Awareness | I7: =IF(ISNA(MATCH("x",$C7:$G7,0)),0,MATCH("x",$C7:$G7,0)) -> 0 | J7: =IF(I7=0,0,I7-1) -> 0
B8: Collaboration & Ways of Working | I8: =IF(ISNA(MATCH("x",$C8:$G8,0)),0,MATCH("x",$C8:$G8,0)) -> 0 | J8: =IF(I8=0,0,I8-1) -> 0
B9: Feedback, Development & Career Management | I9: =IF(ISNA(MATCH("x",$C9:$G9,0)),0,MATCH("x",$C9:$G9,0)) -> 0 | J9: =IF(I9=0,0,I9-1) -> 0
B10: Professionalism & Organisational Skills | I10: =IF(ISNA(MATCH("x",$C10:$G10,0)),0,MATCH("x",$C10:$G10,0)) -> 0 | J10: =IF(I10=0,0,I10-1) -> 0

Sheet Self-assessment
B1: Quality | D1: area | G1: 0 | H1: 0 | I1: 1 | J1: 2 | K1: 3 | L1: 4 | M1: Comments
H2: I don't know what this is | I2: I am aware of this | J2: I am developing this | K2: I am competent in this | L2: I am strong in this | M2: Justification | O2: Instructions
A3: 1 | B3: Ability to admit mistakes and learn from failure | C3: E | D3: sa | F3: =IF(ISNA(MATCH("x",$H3:$L3,0)),0,MATCH("x",$H3:$L3,0)) -> 0 | G3: =IF(F3=0,0,F3-1) -> 0
A4: 2 | B4: Ability to observe, gather, select, and evaluate facts | C4: A | D4: int | F4: =IF(ISNA(MATCH("x",$H4:$L4,0)),0,MATCH("x",$H4:$L4,0)) -> 0 | G4: =IF(F4=0,0,F4-1) -> 0
A5: 3 | B5: Creative imagination and original thinking | C5: A | D5: cr | F5: =IF(ISNA(MATCH("x",$H5:$L5,0)),0,MATCH("x",$H5:$L5,0)) -> 0 | G5: =IF(F5=0,0,F5-1) -> 0
A6: 4 | B6: Intellectual and emotional maturity | C6: F | D6: re | F6: =IF(ISNA(MATCH("x",$H6:$L6,0)),0,MATCH("x",$H6:$L6,0)) -> 0 | G6: =IF(F6=0,0,F6-1) -> 0
A7: 5 | B7: Ability to act with poise, in a calm and objective manner | C7: F | D7: is | F7: =IF(ISNA(MATCH("x",$H7:$L7,0)),0,MATCH("x",$H7:$L7,0)) -> 0 | G7: =IF(F7=0,0,F7-1) -> 0
A8: 6 | B8: Extreme honesty | C8: F | D8: eth | F8: =IF(ISNA(MATCH("x",$H8:$L8,0)),0,MATCH("x",$H8:$L8,0)) -> 0 | G8: =IF(F8=0,0,F8-1) -> 0
A9: 7 | B9: Ethics and integrity | C9: F | D9: eth | F9: =IF(ISNA(MATCH("x",$H9:$L9,0)),0,MATCH("x",$H9:$L9,0)) -> 0 | G9: =IF(F9=0,0,F9-1) -> 0
A10: 8 | B10: Facility in oral and written communication | C10: F | D10: co | F10: =IF(ISNA(MATCH("x",$H10:$L10,0)),0,MATCH("x",$H10:$L10,0)) -> 0 | G10: =IF(F10=0,0,F10-1) -> 0
A11: 9 | B11: Ability to withstand pressures, and live with frustrations and uncertainties | C11: F | D11: re | F11: =IF(ISNA(MATCH("x",$H11:$L11,0)),0,MATCH("x",$H11:$L11,0)) -> 0 | G11: =IF(F11=0,0,F11-1) -> 0 | O11: 2. in the columns headed 1 to 4 for the question rank yourself by
A12: 10 | B12: Economic reasoning (micro/ macro fundamentals) | C12: A | D12: tech | F12: =IF(ISNA(MATCH("x",$H12:$L12,0)),0,MATCH("x",$H12:$L12,0)) -> 0 | G12: =IF(F12=0,0,F12-1) -> 0 | O12: 3. Putting x in the column for the quality
A13: 11 | B13: Good judgment | C13: B | D13: int | F13: =IF(ISNA(MATCH("x",$H13:$L13,0)),0,MATCH("x",$H13:$L13,0)) -> 0 | G13: =IF(F13=0,0,F13-1) -> 0 | O13: 4. Complete for all of the questions
A14: 12 | B14: Courtesy and good manners | C14: D | D14: is | F14: =IF(ISNA(MATCH("x",$H14:$L14,0)),0,MATCH("x",$H14:$L14,0)) -> 0 | G14: =IF(F14=0,0,F14-1) -> 0 | O14: 5. when completed (and not before) review the results on the Results Sheet
A15: 13 | B15: Ability to learn quickly and easily | C15: E | D15: int | F15: =IF(ISNA(MATCH("x",$H15:$L15,0)),0,MATCH("x",$H15:$L15,0)) -> 0 | G15: =IF(F15=0,0,F15-1) -> 0
A16: 14 | B16: Ability to gain trust and respect | C16: C | D16: is | F16: =IF(ISNA(MATCH("x",$H16:$L16,0)),0,MATCH("x",$H16:$L16,0)) -> 0 | G16: =IF(F16=0,0,F16-1) -> 0
A17: 15 | B17: Data handling (cleaning, structuring datasets) | C17: A1 | D17: tech | F17: =IF(ISNA(MATCH("x",$H17:$L17,0)),0,MATCH("x",$H17:$L17,0)) -> 0 | G17: =IF(F17=0,0,F17-1) -> 0
A18: 16 | B18: Ability to recognize the limitations of one's competence | C18: F | D18: sa | F18: =IF(ISNA(MATCH("x",$H18:$L18,0)),0,MATCH("x",$H18:$L18,0)) -> 0 | G18: =IF(F18=0,0,F18-1) -> 0
A19: 17 | B19: Ability to share knowledge, teach, and train people | C19: B | D19: co | F19: =IF(ISNA(MATCH("x",$H19:$L19,0)),0,MATCH("x",$H19:$L19,0)) -> 0 | G19: =IF(F19=0,0,F19-1) -> 0
A20: 18 | B20: Policy analysis & trade-off thinking | C20: A | D20: tech | F20: =IF(ISNA(MATCH("x",$H20:$L20,0)),0,MATCH("x",$H20:$L20,0)) -> 0 | G20: =IF(F20=0,0,F20-1) -> 0
A21: 19 | B21: Ability to anticipate and evaluate human reactions | C21: C | D21: is | F21: =IF(ISNA(MATCH("x",$H21:$L21,0)),0,MATCH("x",$H21:$L21,0)) -> 0 | G21: =IF(F21=0,0,F21-1) -> 0
A22: 20 | B22: Genuine desire to help others | C22: C | D22: eth | F22: =IF(ISNA(MATCH("x",$H22:$L22,0)),0,MATCH("x",$H22:$L22,0)) -> 0 | G22: =IF(F22=0,0,F22-1) -> 0
A23: 21 | B23: Data visualisation & dashboards | C23: A1 | D23: tech | F23: =IF(ISNA(MATCH("x",$H23:$L23,0)),0,MATCH("x",$H23:$L23,0)) -> 0 | G23: =IF(F23=0,0,F23-1) -> 0
A24: 22 | B24: Healthy ambition | C24: E | D24: re | F24: =IF(ISNA(MATCH("x",$H24:$L24,0)),0,MATCH("x",$H24:$L24,0)) -> 0 | G24: =IF(F24=0,0,F24-1) -> 0
A25: 23 | B25: Ability to persuade and motivate | C25: C | D25: is | F25: =IF(ISNA(MATCH("x",$H25:$L25,0)),0,MATCH("x",$H25:$L25,0)) -> 0 | G25: =IF(F25=0,0,F25-1) -> 0
A26: 24 | B26: Ability to listen | C26: D | D26: co | F26: =IF(ISNA(MATCH("x",$H26:$L26,0)),0,MATCH("x",$H26:$L26,0)) -> 0 | G26: =IF(F26=0,0,F26-1) -> 0
... A41: 39 | B41: Stability of behaviour and action | C41: F | D41: re | F41: =IF(ISNA(MATCH("x",$H41:$L41,0)),0,MATCH("x",$H41:$L41,0)) -> 0 | G41: =IF(F41=0,0,F41-1) -> 0
B43: Competences/Capabilities as listed by Canadian Management Consultancy Competence Framework
B44: https://www.cmc-canada.ca/web/default/files/CMC_Competency_Framework_2018.pdf

Sheet Job Description
B1: Quality | D1: area | G1: 0 | H1: 0 | I1: 1 | J1: 2 | K1: 3 | L1: 4 | M1: Comments
H2: Job does not require this | I2: job requires me to be aware of this | J2: job requires me to be developing this | K2: job requires me to be competent in this | L2: job requires me to be strongly competent in this | M2: Justification | O2: Instructions
A3: 1 | B3: Ability to admit mistakes and learn from failure | C3: E | D3: sa | F3: =IF(ISNA(MATCH("x",$H3:$L3,0)),0,MATCH("x",$H3:$L3,0)) -> 0 | G3: =IF(F3=0,0,F3-1) -> 0
A4: 2 | B4: Ability to observe, gather, select, and evaluate facts | C4: A | D4: int | F4: =IF(ISNA(MATCH("x",$H4:$L4,0)),0,MATCH("x",$H4:$L4,0)) -> 0 | G4: =IF(F4=0,0,F4-1) -> 0
A5: 3 | B5: Creative imagination and original thinking | C5: A | D5: cr | F5: =IF(ISNA(MATCH("x",$H5:$L5,0)),0,MATCH("x",$H5:$L5,0)) -> 0 | G5: =IF(F5=0,0,F5-1) -> 0
A6: 4 | B6: Intellectual and emotional maturity | C6: F | D6: re | F6: =IF(ISNA(MATCH("x",$H6:$L6,0)),0,MATCH("x",$H6:$L6,0)) -> 0 | G6: =IF(F6=0,0,F6-1) -> 0
A7: 5 | B7: Ability to act with poise, in a calm and objective manner | C7: F | D7: is | F7: =IF(ISNA(MATCH("x",$H7:$L7,0)),0,MATCH("x",$H7:$L7,0)) -> 0 | G7: =IF(F7=0,0,F7-1) -> 0
A8: 6 | B8: Extreme honesty | C8: F | D8: eth | F8: =IF(ISNA(MATCH("x",$H8:$L8,0)),0,MATCH("x",$H8:$L8,0)) -> 0 | G8: =IF(F8=0,0,F8-1) -> 0
A9: 7 | B9: Ethics and integrity | C9: F | D9: eth | F9: =IF(ISNA(MATCH("x",$H9:$L9,0)),0,MATCH("x",$H9:$L9,0)) -> 0 | G9: =IF(F9=0,0,F9-1) -> 0
A10: 8 | B10: Facility in oral and written communication | C10: F | D10: co | F10: =IF(ISNA(MATCH("x",$H10:$L10,0)),0,MATCH("x",$H10:$L10,0)) -> 0 | G10: =IF(F10=0,0,F10-1) -> 0
A11: 9 | B11: Ability to withstand pressures, and live with frustrations and uncertainties | C11: F | D11: re | F11: =IF(ISNA(MATCH("x",$H11:$L11,0)),0,MATCH("x",$H11:$L11,0)) -> 0 | G11: =IF(F11=0,0,F11-1) -> 0 | O11: 2. in the columns headed 1 to 4 for the question rank yourself by
A12: 10 | B12: Economic reasoning (micro/ macro fundamentals) | C12: A | D12: tech | F12: =IF(ISNA(MATCH("x",$H12:$L12,0)),0,MATCH("x",$H12:$L12,0)) -> 0 | G12: =IF(F12=0,0,F12-1) -> 0 | O12: 3. Putting 1 in the column for the quality
A13: 11 | B13: Good judgment | C13: B | D13: int | F13: =IF(ISNA(MATCH("x",$H13:$L13,0)),0,MATCH("x",$H13:$L13,0)) -> 0 | G13: =IF(F13=0,0,F13-1) -> 0 | O13: 4. Complete for all of the questions
A14: 12 | B14: Courtesy and good manners | C14: D | D14: is | F14: =IF(ISNA(MATCH("x",$H14:$L14,0)),0,MATCH("x",$H14:$L14,0)) -> 0 | G14: =IF(F14=0,0,F14-1) -> 0 | O14: 5. when completed (and not before) review the results on the Results Sheet
A15: 13 | B15: Ability to learn quickly and easily | C15: E | D15: int | F15: =IF(ISNA(MATCH("x",$H15:$L15,0)),0,MATCH("x",$H15:$L15,0)) -> 0 | G15: =IF(F15=0,0,F15-1) -> 0
A16: 14 | B16: Ability to gain trust and respect | C16: C | D16: is | F16: =IF(ISNA(MATCH("x",$H16:$L16,0)),0,MATCH("x",$H16:$L16,0)) -> 0 | G16: =IF(F16=0,0,F16-1) -> 0
A17: 15 | B17: Data handling (cleaning, structuring datasets) | C17: A1 | D17: tech | F17: =IF(ISNA(MATCH("x",$H17:$L17,0)),0,MATCH("x",$H17:$L17,0)) -> 0 | G17: =IF(F17=0,0,F17-1) -> 0
A18: 16 | B18: Ability to recognize the limitations of one's competence | C18: F | D18: sa | F18: =IF(ISNA(MATCH("x",$H18:$L18,0)),0,MATCH("x",$H18:$L18,0)) -> 0 | G18: =IF(F18=0,0,F18-1) -> 0
A19: 17 | B19: Ability to share knowledge, teach, and train people | C19: B | D19: co | F19: =IF(ISNA(MATCH("x",$H19:$L19,0)),0,MATCH("x",$H19:$L19,0)) -> 0 | G19: =IF(F19=0,0,F19-1) -> 0
A20: 18 | B20: Policy analysis & trade-off thinking | C20: A | D20: tech | F20: =IF(ISNA(MATCH("x",$H20:$L20,0)),0,MATCH("x",$H20:$L20,0)) -> 0 | G20: =IF(F20=0,0,F20-1) -> 0
A21: 19 | B21: Ability to anticipate and evaluate human reactions | C21: C | D21: is | F21: =IF(ISNA(MATCH("x",$H21:$L21,0)),0,MATCH("x",$H21:$L21,0)) -> 0 | G21: =IF(F21=0,0,F21-1) -> 0
A22: 20 | B22: Genuine desire to help others | C22: C | D22: eth | F22: =IF(ISNA(MATCH("x",$H22:$L22,0)),0,MATCH("x",$H22:$L22,0)) -> 0 | G22: =IF(F22=0,0,F22-1) -> 0
A23: 21 | B23: Data visualisation & dashboards | C23: A1 | D23: tech | F23: =IF(ISNA(MATCH("x",$H23:$L23,0)),0,MATCH("x",$H23:$L23,0)) -> 0 | G23: =IF(F23=0,0,F23-1) -> 0
A24: 22 | B24: Healthy ambition | C24: E | D24: re | F24: =IF(ISNA(MATCH("x",$H24:$L24,0)),0,MATCH("x",$H24:$L24,0)) -> 0 | G24: =IF(F24=0,0,F24-1) -> 0
A25: 23 | B25: Ability to persuade and motivate | C25: C | D25: is | F25: =IF(ISNA(MATCH("x",$H25:$L25,0)),0,MATCH("x",$H25:$L25,0)) -> 0 | G25: =IF(F25=0,0,F25-1) -> 0
A26: 24 | B26: Ability to listen | C26: D | D26: co | F26: =IF(ISNA(MATCH("x",$H26:$L26,0)),0,MATCH("x",$H26:$L26,0)) -> 0 | G26: =IF(F26=0,0,F26-1) -> 0
... A41: 39 | B41: Stability of behaviour and action | C41: F | D41: re | F41: =IF(ISNA(MATCH("x",$H41:$L41,0)),0,MATCH("x",$H41:$L41,0)) -> 0 | G41: =IF(F41=0,0,F41-1) -> 0
B43: Competences/Capabilities as listed by Canadian Management Consultancy Competence Framework
B44: https://www.cmc-canada.ca/web/default/files/CMC_Competency_Framework_2018.pdf

Sheet Assessment of your Programme
B1: Quality | D1: area | G1: 0 | H1: 0 | I1: 1 | J1: 2 | K1: 3 | L1: 4 | M1: Comments
B2: Are these competences and skills covered by any module across your first year? | H2: not covered at all on my programme | I2: I am aware of this on my programme (but I have not done it) | J2: I am developing this with modules on my programme | K2: I am competent in this through work on my programme | L2: The programme ensures strong competency in this | M2: Outline the modules and the tasks in those modules where you either learnt or developed the skill and competence you claim | O2: Instructions
A3: 1 | B3: Ability to admit mistakes and learn from failure | C3: E | D3: sa | F3: =IF(ISNA(MATCH("x",$H3:$L3,0)),0,MATCH("x",$H3:$L3,0)) -> 0 | G3: =IF(F3=0,0,F3-1) -> 0
A4: 2 | B4: Ability to observe, gather, select, and evaluate facts | C4: A | D4: int | F4: =IF(ISNA(MATCH("x",$H4:$L4,0)),0,MATCH("x",$H4:$L4,0)) -> 0 | G4: =IF(F4=0,0,F4-1) -> 0
A5: 3 | B5: Creative imagination and original thinking | C5: A | D5: cr | F5: =IF(ISNA(MATCH("x",$H5:$L5,0)),0,MATCH("x",$H5:$L5,0)) -> 0 | G5: =IF(F5=0,0,F5-1) -> 0
A6: 4 | B6: Intellectual and emotional maturity | C6: F | D6: re | F6: =IF(ISNA(MATCH("x",$H6:$L6,0)),0,MATCH("x",$H6:$L6,0)) -> 0 | G6: =IF(F6=0,0,F6-1) -> 0
A7: 5 | B7: Ability to act with poise, in a calm and objective manner | C7: F | D7: is | F7: =IF(ISNA(MATCH("x",$H7:$L7,0)),0,MATCH("x",$H7:$L7,0)) -> 0 | G7: =IF(F7=0,0,F7-1) -> 0
A8: 6 | B8: Extreme honesty | C8: F | D8: eth | F8: =IF(ISNA(MATCH("x",$H8:$L8,0)),0,MATCH("x",$H8:$L8,0)) -> 0 | G8: =IF(F8=0,0,F8-1) -> 0
A9: 7 | B9: Ethics and integrity | C9: F | D9: eth | F9: =IF(ISNA(MATCH("x",$H9:$L9,0)),0,MATCH("x",$H9:$L9,0)) -> 0 | G9: =IF(F9=0,0,F9-1) -> 0
A10: 8 | B10: Facility in oral and written communication | C10: F | D10: co | F10: =IF(ISNA(MATCH("x",$H10:$L10,0)),0,MATCH("x",$H10:$L10,0)) -> 0 | G10: =IF(F10=0,0,F10-1) -> 0
A11: 9 | B11: Ability to withstand pressures, and live with frustrations and uncertainties | C11: F | D11: re | F11: =IF(ISNA(MATCH("x",$H11:$L11,0)),0,MATCH("x",$H11:$L11,0)) -> 0 | G11: =IF(F11=0,0,F11-1) -> 0 | O11: 2. in the columns headed 1 to 4 for the question rank yourself by
A12: 10 | B12: Economic reasoning (micro/ macro fundamentals) | C12: A | D12: tech | F12: =IF(ISNA(MATCH("x",$H12:$L12,0)),0,MATCH("x",$H12:$L12,0)) -> 0 | G12: =IF(F12=0,0,F12-1) -> 0 | O12: 3. Putting 1 in the column for the quality
A13: 11 | B13: Good judgment | C13: B | D13: int | F13: =IF(ISNA(MATCH("x",$H13:$L13,0)),0,MATCH("x",$H13:$L13,0)) -> 0 | G13: =IF(F13=0,0,F13-1) -> 0 | O13: 4. Complete for all of the questions
A14: 12 | B14: Courtesy and good manners | C14: D | D14: is | F14: =IF(ISNA(MATCH("x",$H14:$L14,0)),0,MATCH("x",$H14:$L14,0)) -> 0 | G14: =IF(F14=0,0,F14-1) -> 0 | O14: 5. when completed (and not before) review the results on the Results Sheet
A15: 13 | B15: Ability to learn quickly and easily | C15: E | D15: int | F15: =IF(ISNA(MATCH("x",$H15:$L15,0)),0,MATCH("x",$H15:$L15,0)) -> 0 | G15: =IF(F15=0,0,F15-1) -> 0
A16: 14 | B16: Ability to gain trust and respect | C16: C | D16: is | F16: =IF(ISNA(MATCH("x",$H16:$L16,0)),0,MATCH("x",$H16:$L16,0)) -> 0 | G16: =IF(F16=0,0,F16-1) -> 0
A17: 15 | B17: Data handling (cleaning, structuring datasets) | C17: A1 | D17: tech | F17: =IF(ISNA(MATCH("x",$H17:$L17,0)),0,MATCH("x",$H17:$L17,0)) -> 0 | G17: =IF(F17=0,0,F17-1) -> 0
A18: 16 | B18: Ability to recognize the limitations of one's competence | C18: F | D18: sa | F18: =IF(ISNA(MATCH("x",$H18:$L18,0)),0,MATCH("x",$H18:$L18,0)) -> 0 | G18: =IF(F18=0,0,F18-1) -> 0
A19: 17 | B19: Ability to share knowledge, teach, and train people | C19: B | D19: co | F19: =IF(ISNA(MATCH("x",$H19:$L19,0)),0,MATCH("x",$H19:$L19,0)) -> 0 | G19: =IF(F19=0,0,F19-1) -> 0
A20: 18 | B20: Policy analysis & trade-off thinking | C20: A | D20: tech | F20: =IF(ISNA(MATCH("x",$H20:$L20,0)),0,MATCH("x",$H20:$L20,0)) -> 0 | G20: =IF(F20=0,0,F20-1) -> 0
A21: 19 | B21: Ability to anticipate and evaluate human reactions | C21: C | D21: is | F21: =IF(ISNA(MATCH("x",$H21:$L21,0)),0,MATCH("x",$H21:$L21,0)) -> 0 | G21: =IF(F21=0,0,F21-1) -> 0
A22: 20 | B22: Genuine desire to help others | C22: C | D22: eth | F22: =IF(ISNA(MATCH("x",$H22:$L22,0)),0,MATCH("x",$H22:$L22,0)) -> 0 | G22: =IF(F22=0,0,F22-1) -> 0
A23: 21 | B23: Data visualisation & dashboards | C23: A1 | D23: tech | F23: =IF(ISNA(MATCH("x",$H23:$L23,0)),0,MATCH("x",$H23:$L23,0)) -> 0 | G23: =IF(F23=0,0,F23-1) -> 0
A24: 22 | B24: Healthy ambition | C24: E | D24: re | F24: =IF(ISNA(MATCH("x",$H24:$L24,0)),0,MATCH("x",$H24:$L24,0)) -> 0 | G24: =IF(F24=0,0,F24-1) -> 0
A25: 23 | B25: Ability to persuade and motivate | C25: C | D25: is | F25: =IF(ISNA(MATCH("x",$H25:$L25,0)),0,MATCH("x",$H25:$L25,0)) -> 0 | G25: =IF(F25=0,0,F25-1) -> 0
A26: 24 | B26: Ability to listen | C26: D | D26: co | F26: =IF(ISNA(MATCH("x",$H26:$L26,0)),0,MATCH("x",$H26:$L26,0)) -> 0 | G26: =IF(F26=0,0,F26-1) -> 0
... A41: 39 | B41: Stability of behaviour and action | C41: F | D41: re | F41: =IF(ISNA(MATCH("x",$H41:$L41,0)),0,MATCH("x",$H41:$L41,0)) -> 0 | G41: =IF(F41=0,0,F41-1) -> 0
B43: Competences/Capabilities as listed by Canadian Management Consultancy Competence Framework
B44: https://www.cmc-canada.ca/web/default/files/CMC_Competency_Framework_2018.pdf

Sheet Results
B2: SELF-ASSESSMENT BASED ON LONGER ASSESSMENT MATRIX | M2: ASSESSMENT OF JOB DESCRIPTION FOR GRADUATE ECONOMIST | V2: Your personal reflections on the different capability assessments (of myself, the job description and my programme)
B3: Category | F3: Mean | G3: Min | H3: Max | J3: your ranking | M3: Category | Q3: Mean | R3: Min | S3: Max
B4: Economics Thinking Capability | C4: A | D4: =COUNTIF('Self-assessment'!$C$3:$C$41,$C4)*5 -> 35 | E4: =SUMIF('Self-assessment'!$C$3:$C$41,$C4,'Self-assessment'!$G$3:$G$41) -> 0 | F4: =(E4/D4)*4 -> 0 | G4: =_xlfn.MINIFS('Self-assessment'!$G$3:$G$41,'Self-assessment'!$C$3:'Self-assessment'!$C$41,$C4,'Self-assessment'!$G$3:$G$41,">0") -> 0 | H4: =_xlfn.MAXIFS('Self-assessment'!$G$3:$G$41,'Self-assessment'!$C$3:$C$41,$C4,'Self-assessment'!$G$3:$G$41,">0") -> 0 | J4: ='initial assessment'!J4 -> 0 | M4: Economics Thinking Capability | N4: A | O4: =COUNTIF('Job Description'!$C$3:$C$41,$N4)*5 -> 35 | P4: =SUMIF('Job Description'!$C$3:$C$41,$N4,'Job Description'!$G$3:$G$41) -> 0 | Q4: =(P4/O4)*4 -> 0 | R4: =_xlfn.MINIFS('Self-assessment'!$G$3:$G$41,'Self-assessment'!$C$3:'Self-assessment'!$C$41,$C4,'Self-assessment'!$G$3:$G$41,">0") -> 0 | S4: =_xlfn.MAXIFS('Self-assessment'!$G$3:$G$41,'Self-assessment'!$C$3:$C$41,$C4,'Self-assessment'!$G$3:$G$41,">0") -> 0
B5: Economic Skills | C5: A1 | D5: =COUNTIF('Self-assessment'!$C$3:$C$41,$C5)*5 -> 25 | E5: =SUMIF('Self-assessment'!$C$3:$C$41,$C5,'Self-assessment'!$G$3:$G$41) -> 0 | F5: =(E5/D5)*4 -> 0 | G5: =_xlfn.MINIFS('Self-assessment'!$G$3:$G$41,'Self-assessment'!$C$3:'Self-assessment'!$C$41,$C5,'Self-assessment'!$G$3:$G$41,">0") -> 0 | H5: =_xlfn.MAXIFS('Self-assessment'!$G$3:$G$41,'Self-assessment'!$C$3:$C$41,$C5,'Self-assessment'!$G$3:$G$41,">0") -> 0 | J5: ='initial assessment'!J5 -> 0 | M5: Economic Skills | N5: A1 | O5: =COUNTIF('Job Description'!$C$3:$C$41,$N5)*5 -> 25 | P5: =SUMIF('Job Description'!$C$3:$C$41,$N5,'Job Description'!$G$3:$G$41) -> 0 | Q5: =(P5/O5)*4 -> 0 | R5: =_xlfn.MINIFS('Self-assessment'!$G$3:$G$41,'Self-assessment'!$C$3:'Self-assessment'!$C$41,$C5,'Self-assessment'!$G$3:$G$41,">0") -> 0 | S5: =_xlfn.MAXIFS('Self-assessment'!$G$3:$G$41,'Self-assessment'!$C$3:$C$41,$C5,'Self-assessment'!$G$3:$G$41,">0") -> 0
B6: Research & Delivery Skills | C6: B | D6: =COUNTIF('Self-assessment'!$C$3:$C$41,$C6)*5 -> 10 | E6: =SUMIF('Self-assessment'!$C$3:$C$41,$C6,'Self-assessment'!$G$3:$G$41) -> 0 | F6: =(E6/D6)*4 -> 0 | G6: =_xlfn.MINIFS('Self-assessment'!$G$3:$G$41,'Self-assessment'!$C$3:'Self-assessment'!$C$41,$C6,'Self-assessment'!$G$3:$G$41,">0") -> 0 | H6: =_xlfn.MAXIFS('Self-assessment'!$G$3:$G$41,'Self-assessment'!$C$3:$C$41,$C6,'Self-assessment'!$G$3:$G$41,">0") -> 0 | J6: ='initial assessment'!J6 -> 0 | M6: Research & Delivery Skills | N6: B | O6: =COUNTIF('Job Description'!$C$3:$C$41,$N6)*5 -> 10 | P6: =SUMIF('Job Description'!$C$3:$C$41,$N6,'Job Description'!$G$3:$G$41) -> 0 | Q6: =(P6/O6)*4 -> 0 | R6: =_xlfn.MINIFS('Self-assessment'!$G$3:$G$41,'Self-assessment'!$C$3:'Self-assessment'!$C$41,$C6,'Self-assessment'!$G$3:$G$41,">0") -> 0 | S6: =_xlfn.MAXIFS('Self-assessment'!$G$3:$G$41,'Self-assessment'!$C$3:$C$41,$C6,'Self-assessment'!$G$3:$G$41,">0") -> 0
B7: Stakeholder & Customer Awareness | C7: C | D7: =COUNTIF('Self-assessment'!$C$3:$C$41,$C7)*5 -> 25 | E7: =SUMIF('Self-assessment'!$C$3:$C$41,$C7,'Self-assessment'!$G$3:$G$41) -> 0 | F7: =(E7/D7)*4 -> 0 | G7: =_xlfn.MINIFS('Self-assessment'!$G$3:$G$41,'Self-assessment'!$C$3:'Self-assessment'!$C$41,$C7,'Self-assessment'!$G$3:$G$41,">0") -> 0 | H7: =_xlfn.MAXIFS('Self-assessment'!$G$3:$G$41,'Self-assessment'!$C$3:$C$41,$C7,'Self-assessment'!$G$3:$G$41,">0") -> 0 | J7: ='initial assessment'!J7 -> 0 | M7: Stakeholder & Customer Awareness | N7: C | O7: =COUNTIF('Job Description'!$C$3:$C$41,$N7)*5 -> 25 | P7: =SUMIF('Job Description'!$C$3:$C$41,$N7,'Job Description'!$G$3:$G$41) -> 0 | Q7: =(P7/O7)*4 -> 0 | R7: =_xlfn.MINIFS('Self-assessment'!$G$3:$G$41,'Self-assessment'!$C$3:'Self-assessment'!$C$41,$C7,'Self-assessment'!$G$3:$G$41,">0") -> 0 | S7: =_xlfn.MAXIFS('Self-assessment'!$G$3:$G$41,'Self-assessment'!$C$3:$C$41,$C7,'Self-assessment'!$G$3:$G$41,">0") -> 0
B8: Collaboration & Ways of Working | C8: D | D8: =COUNTIF('Self-assessment'!$C$3:$C$41,$C8)*5 -> 15 | E8: =SUMIF('Self-assessment'!$C$3:$C$41,$C8,'Self-assessment'!$G$3:$G$41) -> 0 | F8: =(E8/D8)*4 -> 0 | G8: =_xlfn.MINIFS('Self-assessment'!$G$3:$G$41,'Self-assessment'!$C$3:'Self-assessment'!$C$41,$C8,'Self-assessment'!$G$3:$G$41,">0") -> 0 | H8: =_xlfn.MAXIFS('Self-assessment'!$G$3:$G$41,'Self-assessment'!$C$3:$C$41,$C8,'Self-assessment'!$G$3:$G$41,">0") -> 0 | J8: ='initial assessment'!J8 -> 0 | M8: Collaboration & Ways of Working | N8: D | O8: =COUNTIF('Job Description'!$C$3:$C$41,$N8)*5 -> 15 | P8: =SUMIF('Job Description'!$C$3:$C$41,$N8,'Job Description'!$G$3:$G$41) -> 0 | Q8: =(P8/O8)*4 -> 0 | R8: =_xlfn.MINIFS('Self-assessment'!$G$3:$G$41,'Self-assessment'!$C$3:'Self-assessment'!$C$41,$C8,'Self-assessment'!$G$3:$G$41,">0") -> 0 | S8: =_xlfn.MAXIFS('Self-assessment'!$G$3:$G$41,'Self-assessment'!$C$3:$C$41,$C8,'Self-assessment'!$G$3:$G$41,">0") -> 0
B9: Feedback, Development & Career Management | C9: E | D9: =COUNTIF('Self-assessment'!$C$3:$C$41,$C9)*5 -> 25 | E9: =SUMIF('Self-assessment'!$C$3:$C$41,$C9,'Self-assessment'!$G$3:$G$41) -> 0 | F9: =(E9/D9)*4 -> 0 | G9: =_xlfn.MINIFS('Self-assessment'!$G$3:$G$41,'Self-assessment'!$C$3:'Self-assessment'!$C$41,$C9,'Self-assessment'!$G$3:$G$41,">0") -> 0 | H9: =_xlfn.MAXIFS('Self-assessment'!$G$3:$G$41,'Self-assessment'!$C$3:$C$41,$C9,'Self-assessment'!$G$3:$G$41,">0") -> 0 | J9: ='initial assessment'!J9 -> 0 | M9: Feedback, Development & Career Management | N9: E | O9: =COUNTIF('Job Description'!$C$3:$C$41,$N9)*5 -> 25 | P9: =SUMIF('Job Description'!$C$3:$C$41,$N9,'Job Description'!$G$3:$G$41) -> 0 | Q9: =(P9/O9)*4 -> 0 | R9: =_xlfn.MINIFS('Self-assessment'!$G$3:$G$41,'Self-assessment'!$C$3:'Self-assessment'!$C$41,$C9,'Self-assessment'!$G$3:$G$41,">0") -> 0 | S9: =_xlfn.MAXIFS('Self-assessment'!$G$3:$G$41,'Self-assessment'!$C$3:$C$41,$C9,'Self-assessment'!$G$3:$G$41,">0") -> 0
B10: Professionalism & Organisational Skills | C10: F | D10: =COUNTIF('Self-assessment'!$C$3:$C$41,$C10)*5 -> 60 | E10: =SUMIF('Self-assessment'!$C$3:$C$41,$C10,'Self-assessment'!$G$3:$G$41) -> 0 | F10: =(E10/D10)*4 -> 0 | G10: =_xlfn.MINIFS('Self-assessment'!$G$3:$G$41,'Self-assessment'!$C$3:'Self-assessment'!$C$41,$C10,'Self-assessment'!$G$3:$G$41,">0") -> 0 | H10: =_xlfn.MAXIFS('Self-assessment'!$G$3:$G$41,'Self-assessment'!$C$3:$C$41,$C10,'Self-assessment'!$G$3:$G$41,">0") -> 0 | J10: ='initial assessment'!J10 -> 0 | M10: Professionalism & Organisational Skills | N10: F | O10: =COUNTIF('Job Description'!$C$3:$C$41,$N10)*5 -> 60 | P10: =SUMIF('Job Description'!$C$3:$C$41,$N10,'Job Description'!$G$3:$G$41) -> 0 | Q10: =(P10/O10)*4 -> 0 | R10: =_xlfn.MINIFS('Self-assessment'!$G$3:$G$41,'Self-assessment'!$C$3:'Self-assessment'!$C$41,$C10,'Self-assessment'!$G$3:$G$41,">0") -> 0 | S10: =_xlfn.MAXIFS('Self-assessment'!$G$3:$G$41,'Self-assessment'!$C$3:$C$41,$C10,'Self-assessment'!$G$3:$G$41,">0") -> 0
V29: Strategies and actions in relation to my employability and career planning
